[
	{
		"inputs": [
			{
				"internalType": "address",
				"name": "_provenanceContract",
				"type": "address"
			}
		],
		"stateMutability": "nonpayable",
		"type": "constructor"
	},
	{
		"anonymous": false,
		"inputs": [
			{
				"indexed": true,
				"internalType": "string",
				"name": "productId",
				"type": "string"
			},
			{
				"indexed": true,
				"internalType": "address",
				"name": "reporter",
				"type": "address"
			}
		],
		"name": "GoodMarkedStolen",
		"type": "event"
	},
	{
		"anonymous": false,
		"inputs": [
			{
				"indexed": true,
				"internalType": "string",
				"name": "productId",
				"type": "string"
			},
			{
				"indexed": true,
				"internalType": "address",
				"name": "from",
				"type": "address"
			},
			{
				"indexed": true,
				"internalType": "address",
				"name": "to",
				"type": "address"
			}
		],
		"name": "OwnershipTransferred",
		"type": "event"
	},
	{
		"anonymous": false,
		"inputs": [
			{
				"indexed": true,
				"internalType": "string",
				"name": "productId",
				"type": "string"
			},
			{
				"indexed": true,
				"internalType": "address",
				"name": "seller",
				"type": "address"
			},
			{
				"indexed": false,
				"internalType": "uint256",
				"name": "price",
				"type": "uint256"
			}
		],
		"name": "ProductListed",
		"type": "event"
	},
	{
		"inputs": [
			{
				"internalType": "string",
				"name": "_productId",
				"type": "string"
			}
		],
		"name": "buyProduct",
		"outputs": [],
		"stateMutability": "payable",
		"type": "function"
	},
	{
		"inputs": [],
		"name": "getAllListedProductIds",
		"outputs": [
			{
				"internalType": "string[]",
				"name": "",
				"type": "string[]"
			}
		],
		"stateMutability": "view",
		"type": "function"
	},
	{
		"inputs": [
			{
				"internalType": "string",
				"name": "_productId",
				"type": "string"
			}
		],
		"name": "getListing",
		"outputs": [
			{
				"internalType": "address",
				"name": "",
				"type": "address"
			},
			{
				"internalType": "uint256",
				"name": "",
				"type": "uint256"
			},
			{
				"internalType": "bool",
				"name": "",
				"type": "bool"
			}
		],
		"stateMutability": "view",
		"type": "function"
	},
	{
		"inputs": [
			{
				"internalType": "string",
				"name": "_productId",
				"type": "string"
			}
		],
		"name": "getOwner",
		"outputs": [
			{
				"internalType": "address",
				"name": "",
				"type": "address"
			}
		],
		"stateMutability": "view",
		"type": "function"
	},
	{
		"inputs": [
			{
				"internalType": "string",
				"name": "_productId",
				"type": "string"
			}
		],
		"name": "isStolen",
		"outputs": [
			{
				"internalType": "bool",
				"name": "",
				"type": "bool"
			}
		],
		"stateMutability": "view",
		"type": "function"
	},
	{
		"inputs": [
			{
				"internalType": "string",
				"name": "_productId",
				"type": "string"
			},
			{
				"internalType": "uint256",
				"name": "_price",
				"type": "uint256"
			}
		],
		"name": "listProduct",
		"outputs": [],
		"stateMutability": "nonpayable",
		"type": "function"
	},
	{
		"inputs": [
			{
				"internalType": "uint256",
				"name": "",
				"type": "uint256"
			}
		],
		"name": "listedProductIds",
		"outputs": [
			{
				"internalType": "string",
				"name": "",
				"type": "string"
			}
		],
		"stateMutability": "view",
		"type": "function"
	},
	{
		"inputs": [
			{
				"internalType": "string",
				"name": "",
				"type": "string"
			}
		],
		"name": "listings",
		"outputs": [
			{
				"internalType": "address",
				"name": "seller",
				"type": "address"
			},
			{
				"internalType": "uint256",
				"name": "price",
				"type": "uint256"
			},
			{
				"internalType": "bool",
				"name": "isListed",
				"type": "bool"
			}
		],
		"stateMutability": "view",
		"type": "function"
	},
	{
		"inputs": [
			{
				"internalType": "string",
				"name": "_productId",
				"type": "string"
			}
		],
		"name": "markAsStolen",
		"outputs": [],
		"stateMutability": "nonpayable",
		"type": "function"
	},
	{
		"inputs": [
			{
				"internalType": "string",
				"name": "",
				"type": "string"
			}
		],
		"name": "ownership",
		"outputs": [
			{
				"internalType": "address",
				"name": "owner",
				"type": "address"
			},
			{
				"internalType": "bool",
				"name": "isStolen",
				"type": "bool"
			}
		],
		"stateMutability": "view",
		"type": "function"
	},
	{
		"inputs": [],
		"name": "provenanceContract",
		"outputs": [
			{
				"internalType": "contract ProvenanceContract",
				"name": "",
				"type": "address"
			}
		],
		"stateMutability": "view",
		"type": "function"
	}
]