[
	{
		"inputs": [
			{
				"internalType": "address",
				"name": "owner",
				"type": "address"
			}
		],
		"name": "getComponentsByOwner",
		"outputs": [
			{
				"components": [
					{
						"internalType": "string",
						"name": "componentId",
						"type": "string"
					},
					{
						"internalType": "string",
						"name": "location",
						"type": "string"
					},
					{
						"internalType": "uint256",
						"name": "timestamp",
						"type": "uint256"
					},
					{
						"internalType": "address",
						"name": "owner",
						"type": "address"
					}
				],
				"internalType": "struct ProvenanceContract.Component[]",
				"name": "",
				"type": "tuple[]"
			}
		],
		"stateMutability": "view",
		"type": "function"
	},
	{
		"inputs": [
			{
				"internalType": "address",
				"name": "owner",
				"type": "address"
			}
		],
		"name": "getFinishedProductsByOwner",
		"outputs": [
			{
				"components": [
					{
						"internalType": "string",
						"name": "productId",
						"type": "string"
					},
					{
						"internalType": "string",
						"name": "name",
						"type": "string"
					},
					{
						"internalType": "string[]",
						"name": "componentIds",
						"type": "string[]"
					},
					{
						"internalType": "uint256",
						"name": "timestamp",
						"type": "uint256"
					},
					{
						"internalType": "address",
						"name": "owner",
						"type": "address"
					}
				],
				"internalType": "struct ProvenanceContract.Product[]",
				"name": "",
				"type": "tuple[]"
			}
		],
		"stateMutability": "view",
		"type": "function"
	},
	{
		"inputs": [
			{
				"internalType": "string",
				"name": "productId",
				"type": "string"
			}
		],
		"name": "getOwnershipHistory",
		"outputs": [
			{
				"components": [
					{
						"internalType": "address",
						"name": "from",
						"type": "address"
					},
					{
						"internalType": "address",
						"name": "to",
						"type": "address"
					},
					{
						"internalType": "uint256",
						"name": "timestamp",
						"type": "uint256"
					}
				],
				"internalType": "struct ProvenanceContract.OwnershipTransfer[]",
				"name": "",
				"type": "tuple[]"
			}
		],
		"stateMutability": "view",
		"type": "function"
	},
	{
		"inputs": [
			{
				"internalType": "address",
				"name": "owner",
				"type": "address"
			}
		],
		"name": "getProductsByOwner",
		"outputs": [
			{
				"components": [
					{
						"internalType": "string",
						"name": "productId",
						"type": "string"
					},
					{
						"internalType": "string",
						"name": "name",
						"type": "string"
					},
					{
						"internalType": "string[]",
						"name": "componentIds",
						"type": "string[]"
					},
					{
						"internalType": "uint256",
						"name": "timestamp",
						"type": "uint256"
					},
					{
						"internalType": "address",
						"name": "owner",
						"type": "address"
					}
				],
				"internalType": "struct ProvenanceContract.Product[]",
				"name": "",
				"type": "tuple[]"
			}
		],
		"stateMutability": "view",
		"type": "function"
	},
	{
		"inputs": [
			{
				"internalType": "string",
				"name": "componentId",
				"type": "string"
			},
			{
				"internalType": "string",
				"name": "location",
				"type": "string"
			}
		],
		"name": "registerComponent",
		"outputs": [],
		"stateMutability": "nonpayable",
		"type": "function"
	},
	{
		"inputs": [
			{
				"internalType": "string",
				"name": "productId",
				"type": "string"
			},
			{
				"internalType": "string[]",
				"name": "componentIds",
				"type": "string[]"
			}
		],
		"name": "registerFinishedProduct",
		"outputs": [],
		"stateMutability": "nonpayable",
		"type": "function"
	},
	{
		"inputs": [
			{
				"internalType": "string",
				"name": "productId",
				"type": "string"
			},
			{
				"internalType": "string",
				"name": "name",
				"type": "string"
			},
			{
				"internalType": "string[]",
				"name": "componentIds",
				"type": "string[]"
			}
		],
		"name": "registerProduct",
		"outputs": [],
		"stateMutability": "nonpayable",
		"type": "function"
	},
	{
		"inputs": [
			{
				"internalType": "string",
				"name": "productId",
				"type": "string"
			},
			{
				"internalType": "address",
				"name": "newOwner",
				"type": "address"
			}
		],
		"name": "transferOwnership",
		"outputs": [],
		"stateMutability": "nonpayable",
		"type": "function"
	}
]