[
	{
		"anonymous": false,
		"inputs": [
			{
				"indexed": true,
				"internalType": "address",
				"name": "entityAddress",
				"type": "address"
			},
			{
				"indexed": false,
				"internalType": "string",
				"name": "componentAddress",
				"type": "string"
			}
		],
		"name": "ComponentAddressAdded",
		"type": "event"
	},
	{
		"anonymous": false,
		"inputs": [
			{
				"indexed": true,
				"internalType": "address",
				"name": "entityAddress",
				"type": "address"
			},
			{
				"indexed": false,
				"internalType": "string",
				"name": "name",
				"type": "string"
			},
			{
				"indexed": false,
				"internalType": "string",
				"name": "entityType",
				"type": "string"
			}
		],
		"name": "EntityRegistered",
		"type": "event"
	},
	{
		"inputs": [
			{
				"internalType": "string",
				"name": "_componentAddress",
				"type": "string"
			}
		],
		"name": "addComponentAddress",
		"outputs": [],
		"stateMutability": "nonpayable",
		"type": "function"
	},
	{
		"inputs": [
			{
				"internalType": "address",
				"name": "",
				"type": "address"
			}
		],
		"name": "entities",
		"outputs": [
			{
				"internalType": "string",
				"name": "name",
				"type": "string"
			},
			{
				"internalType": "string",
				"name": "entityType",
				"type": "string"
			},
			{
				"internalType": "bool",
				"name": "isRegistered",
				"type": "bool"
			}
		],
		"stateMutability": "view",
		"type": "function"
	},
	{
		"inputs": [],
		"name": "getRegisteredEntities",
		"outputs": [
			{
				"internalType": "address[]",
				"name": "",
				"type": "address[]"
			}
		],
		"stateMutability": "view",
		"type": "function"
	},
	{
		"inputs": [
			{
				"internalType": "address",
				"name": "_entity",
				"type": "address"
			},
			{
				"internalType": "string",
				"name": "_componentAddress",
				"type": "string"
			}
		],
		"name": "hasComponentAddress",
		"outputs": [
			{
				"internalType": "bool",
				"name": "",
				"type": "bool"
			}
		],
		"stateMutability": "view",
		"type": "function"
	},
	{
		"inputs": [
			{
				"internalType": "address",
				"name": "_entity",
				"type": "address"
			}
		],
		"name": "isEntityRegistered",
		"outputs": [
			{
				"internalType": "bool",
				"name": "",
				"type": "bool"
			}
		],
		"stateMutability": "view",
		"type": "function"
	},
	{
		"inputs": [
			{
				"internalType": "string",
				"name": "_name",
				"type": "string"
			},
			{
				"internalType": "string",
				"name": "_entityType",
				"type": "string"
			}
		],
		"name": "registerEntity",
		"outputs": [],
		"stateMutability": "nonpayable",
		"type": "function"
	}
]